,file,PCount,kp_100_10,kp_100_20,kp_100_30,kp_100_50,kp_100_quality,kp_100_time,kp_50_10,kp_50_20,kp_50_30,kp_50_50,kp_50_quality,kp_50_time
0,./imagesbooks/ukbench05960.jpg,,100.0,100.0,100.0,100.0,1.0,5.161579608917236,100.0,100.0,100.0,100.0,0.625,2.8883004188537598
1,./imagesbooks/ukbench00459.jpg,,100.0,100.0,100.0,100.0,1.0,5.671318769454956,100.0,100.0,100.0,100.0,1.0,3.025625228881836
2,./imagesbooks/ukbench06010.jpg,,100.0,100.0,100.0,100.0,1.0,5.023749113082886,100.0,100.0,100.0,100.0,1.0,2.8768420219421387
3,./imagesbooks/ukbench06104.jpg,,100.0,100.0,100.0,100.0,1.0,5.539844274520874,100.0,100.0,100.0,100.0,1.0,2.7588541507720947
4,./imagesbooks/ukbench00458.jpg,,100.0,100.0,100.0,100.0,1.0,5.62837028503418,100.0,100.0,100.0,100.0,1.0,3.1274571418762207
